id,name,surname,email,destination,latitude,longitude
1,Jovana,Jovanovic,jovana.jovanovic1@proton.me,Skopje,41.992984,21.417504
2,Sara,Milovanovic,sara.milovanovic2@yahoo.com,Skopje,41.982761,21.444748
3,Ana,Milovanovic,ana.milovanovic3@yahoo.com,Skopje,41.98382,21.413628
4,Maja,Markovic,maja.markovic4@hotmail.com,Skopje,41.986122,21.43973
5,Petar,Stankovic,petar.stankovic5@outlook.com,Skopje,41.997927,21.419314
6,Luka,Stankovic,luka.stankovic6@proton.me,Skopje,41.98148,21.426937
7,Elena,Nikolov,elena.nikolov7@hotmail.com,Skopje,42.016704,21.440581
8,Marija,Nikolov,marija.nikolov8@gmail.com,Skopje,42.004266,21.408155
9,Nikola,Jovanovic,nikola.jovanovic9@outlook.com,Skopje,41.990178,21.419251
10,Ana,Ivanovic,ana.ivanovic10@proton.me,Skopje,41.979586,21.439749
11,Teodora,Markovic,teodora.markovic11@yahoo.com,Skopje,42.012076,21.406939
12,Teodora,Blazevski,teodora.blazevski12@yahoo.com,Skopje,42.012202,21.441457
13,Luka,Ristovski,luka.ristovski13@hotmail.com,Skopje,41.980798,21.43227
14,Teodora,Trajkov,teodora.trajkov14@gmail.com,Skopje,41.989853,21.434671
15,Aleksandar,Stojanovic,aleksandar.stojanovic15@yahoo.com,Skopje,42.006609,21.408215
16,Ivan,Jovanovic,ivan.jovanovic16@hotmail.com,Skopje,42.010998,21.43669
17,Jovana,Ivanovic,jovana.ivanovic17@outlook.com,Skopje,42.001672,21.420667
18,Petar,Kovacevic,petar.kovacevic18@yahoo.com,Skopje,42.004362,21.427572
19,Luka,Petrov,luka.petrov19@proton.me,Skopje,42.009337,21.440375
20,Nikola,Trajkov,nikola.trajkov20@outlook.com,Skopje,41.984442,21.444109
